,ID,firstname,lastname,fullname,school,dob
0,1,Brian,Smith,Brian Smith,White-Trujillo,1995-06-24
1,1,Brien,Smyth,Brien Smyth,White-Trujillo,1995-06-24
2,1,Brien,Smith,Brien Smith,White-Trujillo,1995-06-24
3,1,Brian,Smith,Brian Smith,White-Trujillo,1995-06-24
4,2,Steven,Greene,Steven Greene,"Gibson, Williams and Johnson",1961-06-09
5,2,Stephan,Greene,Stephan Greene,"Gibson, Williams and Johnson",1961-06-09
6,2,Stephen,Greene,Stephen Greene,"Gibson, Williams and Johnson",1961-06-09
7,2,Steven,Grean,Steven Grean,"Gibson, Williams and Johnson",1961-06-09
8,3,Steven,Devis,Steven Devis,Schaefer Ltd,1997-02-12
9,3,Stephan,Davies,Stephan Davies,Schaefer Ltd,1997-02-12
10,3,Stephan,Davies,Stephan Davies,Schaefer Ltd,1997-02-12
11,3,Stephan,Davies,Stephan Davies,Schaefer Ltd,1997-02-12
12,4,Sara,Green,Sara Green,Clements LLC,1954-09-01
13,4,Sara,Greene,Sara Greene,Clements LLC,1954-09-01
14,4,Sarah,Grean,Sarah Grean,Clements LLC,1954-09-01
15,4,Sara,Green,Sara Green,Clements LLC,1954-09-01
16,5,Phillip,Browne,Phillip Browne,Hayes-Cochran,2002-11-17
17,5,Filip,Brown,Filip Brown,Hayes-Cochran,2002-11-17
18,5,Philip,Browne,Philip Browne,Hayes-Cochran,2002-11-17
19,5,Filip,Braun,Filip Braun,Hayes-Cochran,2002-11-17
20,6,Brian,Tayler,Brian Tayler,Serrano-Young,1990-01-22
21,6,Bryan,Tailor,Bryan Tailor,Serrano-Young,1990-01-22
22,6,Bryan,Tailor,Bryan Tailor,Serrano-Young,1990-01-22
23,6,Brien,Taylor,Brien Taylor,Serrano-Young,1990-01-22
24,7,Katherine,Louis,Katherine Louis,"Perez, Andrade and Harper",1995-02-20
25,7,Catherine,Lewis,Catherine Lewis,"Perez, Andrade and Harper",1995-02-20
26,7,Kathryn,Louis,Kathryn Louis,"Perez, Andrade and Harper",1995-02-20
27,7,Catherine,Lewis,Catherine Lewis,"Perez, Andrade and Harper",1995-02-20
28,8,Mark,Smith,Mark Smith,Payne PLC,1999-11-22
29,8,Marck,Smyth,Marck Smyth,Payne PLC,1999-11-22
30,8,Mark,Smyth,Mark Smyth,Payne PLC,1999-11-22
31,8,Mark,Smith,Mark Smith,Payne PLC,1999-11-22
32,9,Stephen,Tailor,Stephen Tailor,Hartman-Delgado,1997-11-19
33,9,Stephan,Taylor,Stephan Taylor,Hartman-Delgado,1997-11-19
34,9,Steven,Taylor,Steven Taylor,Hartman-Delgado,1997-11-19
35,9,Stephan,Taylor,Stephan Taylor,Hartman-Delgado,1997-11-19
36,10,Alan,Greene,Alan Greene,Garcia PLC,1977-01-20
37,10,Allen,Green,Allen Green,Garcia PLC,1977-01-20
38,10,Alan,Green,Alan Green,Garcia PLC,1977-01-20
39,10,Allen,Grean,Allen Grean,Garcia PLC,1977-01-20
40,11,Katherine,Davies,Katherine Davies,"Stone, Baxter and Davis",1977-04-07
41,11,Kathryn,Davies,Kathryn Davies,"Stone, Baxter and Davis",1977-04-07
42,11,Katherine,Devis,Katherine Devis,"Stone, Baxter and Davis",1977-04-07
43,11,Catherine,Devis,Catherine Devis,"Stone, Baxter and Davis",1977-04-07
44,12,Allen,Green,Allen Green,Daniels-Clark,1972-02-12
45,12,Alan,Grean,Alan Grean,Daniels-Clark,1972-02-12
46,12,Alan,Green,Alan Green,Daniels-Clark,1972-02-12
47,12,Alan,Greene,Alan Greene,Daniels-Clark,1972-02-12
48,13,Brian,Miller,Brian Miller,"Montes, Valdez and Pugh",1992-10-26
49,13,Bryan,Millar,Bryan Millar,"Montes, Valdez and Pugh",1992-10-26
50,13,Brian,Milar,Brian Milar,"Montes, Valdez and Pugh",1992-10-26
51,13,Bryan,Milar,Bryan Milar,"Montes, Valdez and Pugh",1992-10-26
52,14,Megan,Tailor,Megan Tailor,Lawrence-Ho,1979-12-08
53,14,Meghan,Tailor,Meghan Tailor,Lawrence-Ho,1979-12-08
54,14,Megan,Tailor,Megan Tailor,Lawrence-Ho,1979-12-08
55,14,Meghan,Taylor,Meghan Taylor,Lawrence-Ho,1979-12-08
56,15,Phillip,Smith,Phillip Smith,Fernandez-Reed,1974-01-16
57,15,Philip,Smyth,Philip Smyth,Fernandez-Reed,1974-01-16
58,15,Filip,Smyth,Filip Smyth,Fernandez-Reed,1974-01-16
59,15,Phillip,Smithe,Phillip Smithe,Fernandez-Reed,1974-01-16
60,16,Catherine,Miller,Catherine Miller,Meyers-Oliver,1954-07-11
61,16,Kathryn,Millar,Kathryn Millar,Meyers-Oliver,1954-07-11
62,16,Kathryn,Milar,Kathryn Milar,Meyers-Oliver,1954-07-11
63,16,Katherine,Miller,Katherine Miller,Meyers-Oliver,1954-07-11
64,17,Brien,Lewes,Brien Lewes,"Moore, Rodriguez and Ferguson",1997-09-26
65,17,Bryan,Louis,Bryan Louis,"Moore, Rodriguez and Ferguson",1997-09-26
66,17,Bryan,Lewis,Bryan Lewis,"Moore, Rodriguez and Ferguson",1997-09-26
67,17,Brien,Lewis,Brien Lewis,"Moore, Rodriguez and Ferguson",1997-09-26
68,18,Terry,Taylor,Terry Taylor,"Jones, Wright and Duncan",1974-02-17
69,18,Teri,Tayler,Teri Tayler,"Jones, Wright and Duncan",1974-02-17
70,18,Teri,Taylor,Teri Taylor,"Jones, Wright and Duncan",1974-02-17
71,18,Terry,Tayler,Terry Tayler,"Jones, Wright and Duncan",1974-02-17
72,19,Terry,Wilzon,Terry Wilzon,"Morales, Case and Thompson",1999-10-02
73,19,Teri,Wilsen,Teri Wilsen,"Morales, Case and Thompson",1999-10-02
74,19,Terri,Wilzon,Terri Wilzon,"Morales, Case and Thompson",1999-10-02
75,19,Teri,Wilzon,Teri Wilzon,"Morales, Case and Thompson",1999-10-02
76,20,Meagan,Davies,Meagan Davies,"Dean, Stevens and Navarro",1994-04-06
77,20,Meghan,Davis,Meghan Davis,"Dean, Stevens and Navarro",1994-04-06
78,20,Meghan,Davies,Meghan Davies,"Dean, Stevens and Navarro",1994-04-06
79,20,Meghan,Devis,Meghan Devis,"Dean, Stevens and Navarro",1994-04-06
80,21,Terry,Lewes,Terry Lewes,"Heath, Jones and Banks",1987-09-09
81,21,Teri,Louis,Teri Louis,"Heath, Jones and Banks",1987-09-09
82,21,Terri,Louis,Terri Louis,"Heath, Jones and Banks",1987-09-09
83,21,Teri,Lewis,Teri Lewis,"Heath, Jones and Banks",1987-09-09
84,22,Alan,Davies,Alan Davies,Wright-Montoya,1998-01-08
85,22,Alan,Davies,Alan Davies,Wright-Montoya,1998-01-08
86,22,Alen,Davies,Alen Davies,Wright-Montoya,1998-01-08
87,22,Alen,Davis,Alen Davis,Wright-Montoya,1998-01-08
88,23,Alen,Braun,Alen Braun,"Johnson, Lee and Anderson",1956-11-10
89,23,Allen,Braun,Allen Braun,"Johnson, Lee and Anderson",1956-11-10
90,23,Alen,Brown,Alen Brown,"Johnson, Lee and Anderson",1956-11-10
91,23,Allen,Brown,Allen Brown,"Johnson, Lee and Anderson",1956-11-10
92,24,Meagan,Tayler,Meagan Tayler,Herring-Sherman,2000-05-04
93,24,Megan,Taylor,Megan Taylor,Herring-Sherman,2000-05-04
94,24,Meagan,Tayler,Meagan Tayler,Herring-Sherman,2000-05-04
95,24,Meagan,Taylor,Meagan Taylor,Herring-Sherman,2000-05-04
96,25,Teri,Davis,Teri Davis,Conley-Foley,1991-09-03
97,25,Terry,Davies,Terry Davies,Conley-Foley,1991-09-03
98,25,Terry,Davis,Terry Davis,Conley-Foley,1991-09-03
99,25,Terry,Davies,Terry Davies,Conley-Foley,1991-09-03
